item_id,cue_category,perturbation_type,original_sentence,perturbed_sentence,gold,original_predicted,perturbed_predicted,changed_prediction,original_correct,perturbed_correct,grammar_valid,meaning_preserved,gold_preserved,keep_for_analysis,validator_notes
4,semantic_reasoning,semantic_reasoning,Terry tried to bake the eggplant in the toaster oven but the _ was too big.,"Terry tried to bake the eggplant in the toaster oven, but the _ would not fit inside.",1,1,2,True,True,False,yes,yes,yes,yes,Grammatical; preserves the original container/fit inference and gold answer.
10,semantic_reasoning,semantic_reasoning,Joe immediately went to bakery before the bank because the _ had a limited supply of what he wanted.,Joe immediately went to the bakery before the bank because the _ might run out of what he wanted.,1,2,2,False,False,False,yes,yes,yes,yes,Grammatical; preserves stock-shortage reasoning with only mild paraphrase.
109,semantic_reasoning,semantic_reasoning,"The doctor offered to treat the patient's illness quickly with surgery or slowly with diet, and the patient refused the _ because he felt it was dangerous.","The doctor offered to treat the patient's illness with surgery or diet, and the patient refused the _ because it seemed risky.",2,2,2,False,True,True,yes,yes,yes,yes,Grammatical paraphrase; keeps surgery as the risky option.
1,lexical_surface,adjective_polarity_manual,Sarah was a much better surgeon than Maria so _ always got the easier cases.,Sarah was a much better surgeon than Maria so _ always got the simpler cases.,2,2,2,False,True,True,yes,yes,yes,yes,Near-synonym substitution; preserves comparative meaning and gold answer.
32,lexical_surface,adjective_size_manual,Mary thought poodles were a cool dog but Rachel thought Great Danes were cooler. _ bought a small dog bed for their pet.,Mary thought poodles were a cool dog but Rachel thought Great Danes were cooler. _ bought a tiny dog bed for their pet.,1,1,1,False,True,True,yes,yes,yes,yes,Tiny is a clean size paraphrase of small here; keeps poodle/Great Dane contrast.
44,lexical_surface,adjective_noticeability_manual,Jill was on a budget so she only bought a new dress for the ceremony and wore an old hat. She figured the _ would be more noticeable.,Jill was on a budget so she only bought a new dress for the ceremony and wore an old hat. She figured the _ would stand out more.,1,2,2,False,False,False,yes,yes,yes,yes,Stand out more is a natural paraphrase of more noticeable; gold preserved.
5,structural_discourse,clause_reordering_manual,"At night, Jeffrey always stays up later than Hunter to watch TV because _ wakes up late.","Because _ wakes up late, Jeffrey always stays up later than Hunter to watch TV at night.",1,1,1,False,True,True,yes,yes,yes,yes,Clause reordering is grammatical and preserves the same causal relation.
55,structural_discourse,framing_change_manual,Jennifer was more of a morning person than Natalie because _ always went to bed early and got a good night's rest.,Jennifer was more of a morning person than Natalie. That was because _ always went to bed early and got a good night's rest.,1,2,2,False,False,False,yes,yes,yes,yes,Two-sentence framing is grammatical and preserves the original explanation.
78,structural_discourse,framing_change_manual,Mary was helping Patricia's daughter put on makeup because _ watches a lot of makeup tutorials.,Mary was helping Patricia's daughter put on makeup. This was because _ watches a lot of makeup tutorials.,1,2,2,False,False,False,yes,yes,yes,yes,Sentence-splitting changes framing only; causal interpretation and gold remain intact.
