item_id,cue_category,perturbation_type,original_sentence,perturbed_sentence,reason_for_probe,grammar_valid,meaning_preserved,gold_preserved,keep_for_analysis,validator_notes
4,semantic_reasoning,semantic_reasoning,Terry tried to bake the eggplant in the toaster oven but the _ was too big.,"Terry tried to bake the eggplant in the toaster oven, but the _ would not fit inside.",Tests causal/commonsense fit with stronger container relation.,,,,,
10,semantic_reasoning,semantic_reasoning,Joe immediately went to bakery before the bank because the _ had a limited supply of what he wanted.,Joe immediately went to the bakery before the bank because the _ might run out of what he wanted.,Tests commonsense reasoning about limited stock and destination choice.,,,,,
109,semantic_reasoning,semantic_reasoning,"The doctor offered to treat the patient's illness quickly with surgery or slowly with diet, and the patient refused the _ because he felt it was dangerous.","The doctor offered to treat the patient's illness with surgery or diet, and the patient refused the _ because it seemed risky.",Tests plausibility/thematic fit around dangerous treatment.,,,,,
1,lexical_surface,adjective_polarity_manual,Sarah was a much better surgeon than Maria so _ always got the easier cases.,Sarah was a much better surgeon than Maria so _ always got the simpler cases.,Near-synonym lexical change to easier; should preserve gold.,,,,,
32,lexical_surface,adjective_size_manual,Mary thought poodles were a cool dog but Rachel thought Great Danes were cooler. _ bought a small dog bed for their pet.,Mary thought poodles were a cool dog but Rachel thought Great Danes were cooler. _ bought a tiny dog bed for their pet.,"Surface lexical size cue, close to small.",,,,,
44,lexical_surface,adjective_noticeability_manual,Jill was on a budget so she only bought a new dress for the ceremony and wore an old hat. She figured the _ would be more noticeable.,Jill was on a budget so she only bought a new dress for the ceremony and wore an old hat. She figured the _ would stand out more.,Surface paraphrase of more noticeable.,,,,,
5,structural_discourse,clause_reordering_manual,"At night, Jeffrey always stays up later than Hunter to watch TV because _ wakes up late.","Because _ wakes up late, Jeffrey always stays up later than Hunter to watch TV at night.",Clause reordering with intended meaning preservation.,,,,,
55,structural_discourse,framing_change_manual,Jennifer was more of a morning person than Natalie because _ always went to bed early and got a good night's rest.,Jennifer was more of a morning person than Natalie. That was because _ always went to bed early and got a good night's rest.,Changes sentence framing while preserving causal explanation.,,,,,
78,structural_discourse,framing_change_manual,Mary was helping Patricia's daughter put on makeup because _ watches a lot of makeup tutorials.,Mary was helping Patricia's daughter put on makeup. This was because _ watches a lot of makeup tutorials.,Separates cause into second sentence; probes discourse framing/accessibility.,,,,,
